actor,en,fr,jp,cn,de,es,it,nl,ru,ko,cn-trad,fr-can
Npc_HyruleDepthHatago006_Name,Aliza,Aliza,イライザ,伊莱扎,Aliza,Elaiza,Irisa,Aliza,Ализа,일라이자,伊雷扎,Aliza
Npc_HighMountain036_Name,Amali,Camailla,ハミラ,哈米拉,Amali,Amali,Hamira,Amali,Амали,하밀라,哈米拉,Camailla
Npc_HatenoVillage020_Name,Amira,Amarylli,アマリリ,阿玛莉丽,Amira,Lilia,Amarilli,Amira,Амира,아마릴리,阿瑪莉麗,Amarylli
Npc_GerudoDesert003_Name,Anche,Aubarn,アンチェ,昂琪艾,Ante,Anere,Annti,Anche,Анта,안체,昂琪艾,Aubarn
Npc_oasis043_Name,Ardin,Araj,アージュ,奥居,Ardin,Aine,Aju,Ardin,Ардин,아쥬,奧居,Araj
Npc_RitoHatago002_Name,Ariane,Ariane,アリオーヌ,阿莉奥诺,Ariane,Arione,Arionne,Ariane,Ариана,아리오느,阿莉奧諾,Ariane
Npc_OasisTeacher_Name,Ashai,Azahl,ワーシャ,瓦夏,Ashai,Nasha,Washa,Ashai,Ашаи,와셔,瓦夏,Azahl
Npc_HatenoVillage026_Name,Aster,Aster,シオン,希恩,Asta,Astelia,Shion,Aster,Астра,시온,希恩,Aster
Npc_TamourHatago001_Name,Aya,Bourelle,ミホ,美穗,Aya,Aya,Miho,Aya,Айя,미호,美穗,Bourelle
Npc_OasisSoldier_C_Name,Babi,Borodo,ボブル,波布尔,Babi,Obeen,Bobul,Babi,Ваби,버블,波布爾,Borodo
Npc_TabantaBridgeHatago001_Name,Banji,Cuirée,バンジーデ,邦姬黛,Banzi,Banyi,Banjide,Banji,Банджи,벤디,邦姬黛,Cuirée
Npc_GerudoDesert004_Name,Barta,Brihk,バレッタ,芭乐塔,Baretta,Byrta,Barta,Barta,Барта,바레타,芭樂塔,Brihk
Npc_HighMountain012_Name,Bedoli,Della,ベラ,蓓拉,Bella,Vedli,Bera,Bedoli,Вера,벨라,蓓拉,Della
Npc_NorthHateru_around001_Name,Benny,Benni,ベニコ,贝尼珂,Bendix,Berlien,Beniko,Benny,Беника,베니코,貝尼珂,Benni
Npc_OasisStep_B_Name,Bertri,Marantih,マトリー,玛托莉,Matori,Maore,Mator,Bertri,Матри,매트리,瑪托莉,Marantih
HorseAssociationCustum004_Name,Breen,Brienn,ブリーン,步铃,Brin,Brina,Brin,Breen,Брина,브린,步鈴,Brienn
Npc_Road_018_Name,Brokka,Roblico,ロブリッコ,洛卜莉可,Broccola,Leborie,Robrik,Brock,Брокка,로브리코,洛卜莉可,Roblico
Npc_oasis007_Name,Buliara,Beterah,ビューラ,碧优拉,Bylla,Adine,Biulla,Buliara,Белла,뷰러,碧優拉,Beterah
Npc_Road_012_Name,Calisa,Rhubask,ワスク,瓦斯珂,Calisa,Calisa,Wask,Calisa,Калиса,와스크,瓦斯珂,Rhubask
Npc_OasisWaterChannel_Name,Calyban,Kajouah,キャリバン,凯列邦,Caliban,Reeva,Caliban,Calyban,Калибан,캐리번,凱列邦,Kajouah
NPC_oasis004_fr01_Name,Canolo,Calzo,ナタネ,娜塔内,Natane,Celis,Natane,Canolo,Канола,나타네,娜塔內,Calzo
Npc_oasis012_Name,Cara,Kora,マッカラ,玛卡拉,Cara,Karah,Makkara,Cara,Кара,마카라,瑪卡拉,Kora
HorseAssociationCustum003_Name,Canni,Koral,カンカン,康妮,Koral,Yanae,Canca,Canni,Канни,케니,康妮,Koral
Npc_HighMountain020_Name,Cecili,Sélestie,セセリー,瑟赛丽,Cecili,Seseli,Sesil,Cecili,Сесили,세실리,瑟賽麗,Sélestie
Npc_Road_022_Name,Celessa,Ricelle,リーセ,莉瑟,Liesel,Celessa,Danes,Celessa,Селесса,리세,莉瑟,Ricelle
Npc_Attacked_005_Name,Chabi,Chavie,チャビー,恰比,Chabi,Chaiba,Chabi,Chabi,Чаби,차비,恰比,Chavie
Npc_SouthernVillage001_Name,Chessica,Chala,チシャ,奇西亚,Chexter,Kaley,Tisha,Chessica,Чессика,치샤,奇西亞,Chala
Npc_LakeSideHatago006_Name,Cima,Shimina,シミナー,西米纳,Cimina,Shima,Cimina,Cima,Сима,시미너,西米納,Shimina
Npc_Kakariko012_Name,Claree,Canni,クラリ,珂拉丽,Clari,Dania,Clari,Claree,Клари,클라리,珂拉麗,Canni
Npc_HatenoVillage018_Name,Clavia,Clévia,クレーヴィア,可莱维亚,Clavia,Clavia,Clevia,Clavia,Клавия,클레비아,可雷維亞,Clévia
Npc_DressFairy_00_Name,Cotera,Cotura,クチューラ,可秋拉,Cotura,Seddha,Kutura,Cotera,Котера,크출라,可秋拉,Cotura
Npc_Kakariko004_Name,Cottla,Pricota,プリコ,普莉珂,Priko,Rika,Prisca,Cottla,Коттла,푸리코,普莉珂,Pricota
Npc_HighMountain034_Name,Cree,Kuigri,グリグリ,格里戈莉,Gurli,Sogeli,Guri,Cree,Гули,그리그리,格里戈莉,Kuigri
Npc_oasis016_Name,Dalia,Tiklama,ティクル,缇克尔,Talia,Tarya,Ticla,Talia,Талия,티클,緹克爾,Tiklama
Npc_oasis002_Name,Danda,Renora,テドゥーラ,特朵拉,Renora,Avoor,Dedora,Danda,Деора,테드라,特朵拉,Renora
Npc_OasisMilk_D_Name,Deltan,Delflam,デルタン,戴露坦,Deltan,Delane,Deltan,Deltan,Дельта,델튼,迪魯坦,Delflam
Npc_OasisStudent_C_Name,Dina,Danaha,ディショーナ,狄秀娜,Dina,Dinea,Dishona,Dina,Дина,디쇼나,狄秀娜,Danaha
Npc_oasis024_Name,Dorrah,Drosine,ドロップ,多萝普,Dorrah,Dorane,Dolop,Dorrah,Долла,드롭,多羅普,Drosine
Npc_Lanayru003_Name,Douma,Florette,フタバ,双叶,Kleo,Atene,Duina,Douma,Магнолия,두리스,雙葉,Florette
Npc_Zora037_Name,Dunma,Remuse,ドゥンマ,顿玛,Dumja,Dunma,Dunma,Dunma,Дунма,둔마,頓瑪,Remuse
Npc_SmallOasis010_Name,Emri,Emireil,エメリ,埃梅莉,Emri,Merui,Emeri,Emri,Эмри,에밀리,艾梅莉,Emireil
Npc_TabantaBridgeHatago003_Name,Ena,Nah,エン,蒽,Ena,Ehna,En,Ena,Эна,엔,恩,Nah
Npc_oasis032_Name,Essa,Ekvis,エクティス,埃可缇丝,Ektis,Eysa,Ectis,Essa,Эсса,엑티스,艾可緹絲,Ekvis
Npc_oasis046_Name,Estan,Ohmates,エテス,埃特思,Esta,Zellia,Etes,Estan,Этесс,에테스,艾特思,Ohmates
Npc_oasis022_Name,Fegran,Frambra,フレグラ,芙莱格拉,Flegra,Sayda,Flegra,Fegran,Флегра,프레그라,芙雷格拉,Frambra
Npc_Zora026_Name,Finley,Alfine,フィネ,菲内,Fine,Rinley,Finel,Finley,Финли,피네,菲內,Alfine
Npc_SouthernVillage012_Name,Flavi,Flahmi,フレヴァ,芙莱芭,Flavi,Flarya,Fleva,Flavi,Флави,플레버,芙雷芭,Flahmi
NPC_oasis004_fr02_Name,Flaxel,Linum,アマニ,阿迈尼,Amani,Olim,Amani,Flaxel,Лена,아마니,阿邁尼,Linum
Npc_oasis020_Name,Frelly,Fressah,フラジィ,芙拉吉,Freya,Verdyne,Fraji,Frelly,Фрейя,프레지,芙拉吉,Fressah
Npc_OasisHighMountain_001_Name,Frita,Fauvitt,フリット,弗莉忒,Frita,Ineli,Flyt,Frita,Фрита,프리드,弗莉蒂,Fauvitt
Npc_OasisMilk_E_Name,Furosa,Furosa,フロス,芙洛丝,Furosa,Nesooru,Furosa,Furosa,Фуроса,플로스,芙洛絲,Furosa
Npc_Zora034_Name,Gaddison,Octavieh,ジョアダ,茱阿达,Joada,Gya,Gioada,Gaddison,Жоада,가디슨,茱阿達,Octavieh
Npc_DeathEastHatago_003_Name,Gaile,Zalbane,ケート,凯特,Kerte,Sitta,Kert,Gaile,Гайла,케이트,凱特,Zalbane
Npc_HighMountain033_Name,Genli,Ghenkott,ゲンコ,庚珂,Genli,Genali,Ghenko,Genli,Генли,겐코,庚珂,Ghenkott
Npc_TamourPlainHatago_003_Name,Gleema,Suya,ツヤ,茨亚,Glima,Gleesa,Tsuya,Gleema,Глима,글리마,茨亞,Suya
Npc_oasis005_Name,Greta,Egrouss,イグレッタ,依格莱塔,Greta,Grette,Igretta,Greta,Грета,이그렛타,依格雷塔,Egrouss
Npc_HyruleDepthHatago001_Name,Haite,Baih,ハイト,哈依特,Haite,Haite,Hait,Haite,Хайти,헤이트,哈依特,Baih
Npc_TabantaHatago002_Name,Harlow,Auven,ホーロ,霍萝,Harlow,Harloa,Hollo,Harlow,Харло,할로,霍羅,Auven
Npc_UMiiVillage003_Name,Hunnie,Annie,ハーニー,哈妮,Hannie,Haily,Hanny,Hunnie,Ханни,하니,哈妮,Annie
Hylia,Hylia,Hylia,Hylia,Hylia,Hylia,Hylia,Hylia,Hylia,Hylia,Hylia,Hylia,Hylia
Npc_Kakariko001_Name,Impa,Impa,インパ,英帕,Impa,Impa,Impa,Impa,Импа,임파,英帕,Impa
Npc_oasis001_Name,Isha,Azasha,アイシャ,艾夏,Aisha,Aisha,Aisha,Isha,Аиша,아이샤,艾夏,Azasha
Npc_HatenoVillage003_Name,Ivee,Lirriz,アイビー,阿伊比,Effi,Ivena,Ivy,Ivee,Иви,아이비,阿伊比,Lirriz
Npc_TamourPlainHatago_002_Name,Jana,Jun,ジュン,茱英,Jana,Jana,Jun,Jana,Яна,준,茱英,Jun
Npc_AncientAssistant004_Name,Jerrin,Jérine,ジェリン,洁琳,Jerrin,Zheline,Jerrin,Jerrin,Джеррин,제린,潔琳,Jérine
Npc_Hunters_Lost_Name,Juannelle,Fruguette,イチヨウ,一叶,Klea,Darene,Primula,Juannelle,Вишенка,일미나,一葉,Fruguette
Npc_OasisHylia_001_Name,Jules,Lhys,ユーリ,尤里,Yuli,Jul,Yuri,Jules,Жюли,유리,尤里,Lhys
Npc_HighMountain041_Name,Juney,Junoh,ジュノー,茱诺,Juno,Oney,Yuni,Juney,Джуни,쥬노,茱諾,Junoh
Npc_SmallOasis004_Name,Kachoo,Cajou,カチュー,卡秋,Kahu,Naish,Kaciù,Kachoo,Кати,카츄,卡秋,Cajou
Npc_TamourPlainHatago_001_Name,Kaifa,Kaifa,カイファ,凯法雅,Kaifa,Maifa,Kaifa,Kaifa,Кайва,카이퍼,凱法雅,Kaifa
Npc_oasis013_Name,Kalani,Kuiverl,カーラ,卡拉,Kalana,Araani,Karah,Kalani,Калани,칼라,卡拉,Kuiverl
Npc_Road_029_Name,Karsh,Zébaie,カーシャ,咖夏,Karsha,Maeyne,Karsha,Karsh,Карша,카샤,咖夏,Zébaie
Npc_HatenoVillage029_Name,Karin,Koryl,クーリン,库灵,Karin,Karin,Kurin,Karin,Карин,쿠린,庫靈,Koryl
Npc_OasisStep_A_Name,Katta,Cinehl,カットル,卡托尔,Kattoru,Atta,Katra,Katta,Катта,커틀,卡托爾,Cinehl
Npc_DressFairy_02_Name,Kaysa,Caesa,シーザ,西莎,Caesa,Laniah,Shizar,Kaysa,Цезара,시저,西莎,Caesa
Npc_HighMountain035_Name,Kheel,Quill,キール,奇尔,Kihl,Kumeli,Quill,Kheel,Кира,키르,奇爾,Quill
Npc_SouthernVillage007_Name,Kiana,Plati,キキョウ,基丘乌,Kiana,Kiana,Kikyo,Kiana,Киана,키코,基丘烏,Plati
Npc_Zora008_Name,Kodah,Kodah,コダー,珂答,Kodar,Koldah,Kodah,Kodah,Кота,코다,珂答,Kodah
Npc_oasis029_Name,Kohm,Rucombe,コーム,珂姆,Kohmi,Haia,Kohm,Kohm,Кооми,코움,珂姆,Rucombe
Npc_Kakariko003_Name,Koko,Coconoa,ココナ,珂珂娜,Koko,Koko,Coco,Koko,Коко,코코나,珂珂娜,Coconoa
Npc_SmallOasis012_Name,Konora,Cottera,コロン,珂隆,Konora,Konora,Koron,Konora,Конора,코롱,珂隆,Cottera
Npc_oasis041_Name,Kotta,Coclie,コトン,珂顿,Kotta,Kotta,Kothona,Kotta,Котта,코튼,珂頓,Coclie
Npc_HighMountain032_Name,Kotts,Kuhis,コッツ,珂茨,Kan,Kotoli,Kotts,Kotts,Коттс,코츠,珂茨,Kuhis
Npc_HatenoVillage025_Name,Koyin,Naye,トコユ,托可优,Koyin,Orenne,Tokoyo,Koyin,Койин,코윈,托可優,Naye
Npc_Road_011_Name,Kyra,Zinnia,ポドマ,珀多玛,Kyra,Kyra,Podoma,Kyra,Кайра,포드머,珀多瑪,Zinnia
Npc_Zora015_Name,Laflat,Mébol,フララット,福拉拉拖,Amol,Falgra,Flatte,Laflat,Лямоль,플라라트,福拉拉托,Mébol
Npc_oasis009_Name,Laine,Lamenn,ライナ,拉亦娜,Laina,Layne,Raina,Laine,Лайна,라이너,拉亦娜,Lamenn
Npc_HighMountain030_Name,Laissa,Solilès,ソリレス,索里莱丝,Laissa,Zeli,Soriles,Laissa,Лаисса,솔리레스,索里雷絲,Solilès
Npc_Road_043_Name,Laroba,Zannelle,ラボーラ,拉玻拉,Balora,Sayru,Giangiara,Laroba,Лароба,라보라,拉玻拉,Zannelle
Npc_Zora007_Name,Laruta,Narutel,ルラチュ,鲁拉曲,Laruta,Lairta,Lairta,Laruta,Ларута,라루타,魯拉曲,Narutel
Npc_oasis023_Name,Lashley,Lammech,ラッシュ,拉绣,Augissa,Lash,Lash,Lashley,Лаша,러쉬,拉繡,Lammech
Npc_Kakariko016_Name,Lasli,Amboise,ラズリ,拉兹莉,Himba,Lasli,Lasli,Lasli,Ласли,라즈리,拉茲莉,Amboise
Npc_Attacked_001_Name,Leekah,Areau,リーキ,莉基,Porrah,Leekah,Rikky,Leekah,Лика,리키,莉基,Areau
Npc_oasis040_Name,Leena,Inelle,リンネル,玲奈尔,Line,Leena,Rinnel,Leena,Лина,린넬,玲奈爾,Inelle
Npc_Road_009_Name,Letty,Slaeda,スレッタ,丝勒塔,Lasat,Lettuy,Letta,Letty,Летти,슬레타,絲勒塔,Slaeda
Npc_oasis042_Name,Liana,Lobinn,ランジェ,朗洁,Lanja,Saryen,Lanje,Liana,Лиана,란제,朗潔,Lobinn
Npc_Road_045_Name,Lonni,Cibline,ラニー,拉妮,Lani,Norelia,Lonny,Lonni,Лонни,라니,拉妮,Cibline
Npc_Remains_Fancier001_Name,Loone,Lune,リュネ,柳奈,Lune,Lune,Lune,Loone,Луни,류네,柳奈,Lune
Npc_oasis045_Name,Lorn,Vermilla,ベローア,蓓萝雅,Velora,Velooru,Velora,Lorn,Велора,벨로아,蓓羅雅,Vermilla
Npc_Road_032_Name,Lukan,Rouka,ルーカ,露卡,Luka,Arooku,Ruka,Lukan,Люкан,루카,露卡,Rouka
Npc_Challenge093Lady_Name,Magda,Magda,オコバ,奥可芭,Ocoba,Magda,Ocoba,Magda,Окоба,오코바,奧可芭,Magda
Npc_SmallOasis009_Name,Maike,Menaccly,メキャプ,梅肯朴,Maike,Namire,Mecap,Maike,Маике,메캡,梅肯樸,Menaccly
Npc_oasis011_Name,Makure,Millie,マキュア,玛丘亚,Maku,Kamure,Makure,Makure,Макури,머큐어,瑪丘亞,Millie
Npc_oasis028_Name,Malena,Merveila,メルエナ,梅尔埃娜,Malena,Nereen,Meluena,Malena,Малена,멜레나,梅爾艾娜,Merveila
Npc_Zora009_Name,Marot,Orestrech,マルート,玛尔图,Marot,Mirta,Marut,Marot,Маро,마루토,瑪爾圖,Orestrech
Npc_OasisSoldier_A_Name,Marta,Makma,マーパ,玛帕,Marta,Maryen,Marpa,Marta,Марта,마파,瑪帕,Makma
Npc_Road_013_Name,Meeshy,Shysim,シシモ,西西摩,Sissimo,Shimie,Shysim,Meeshy,Миси,시시모,西西摩,Shysim
Npc_Attacked_009_Name,Meghyn,Uscade,メグ,玫古,Meg,Meghyn,Meg,Meghyn,Мегин,메구,玫古,Uscade
Npc_Zora010_Name,Mei,Majeurie,ディーメ,迪美,Dedur,Dimai,Dimag,Mei,Меи,디메,迪美,Majeurie
Npc_Kakariko008_Name,Mellie,Melo,メロ,美洛,Melo,Melia,Mella,Mellie,Мелли,메로,美洛,Melo
Npc_oasis010_Name,Merina,Marisa,ムエリータ,姆艾丽塔,Merina,Moreen,Muelita,Merina,Мирина,무에리타,姆艾麗塔,Marisa
Npc_DressFairy_01_Name,Mija,Mijah,ミジャー,弥佳,Mijah,Muarenn,Mijah,Mija,Мия,미자,彌佳,Mijah
Npc_Attacked_011_Name,Mina,Themen,トンミ,彤迷,Mina,Tamina,Tonmi,Mina,Минна,톰미,彤迷,Themen
Dm_Npc_Zora_Hero_Name,Mipha,Mipha,ミファー,米法,Mipha,Mipha,Mipha,Mipha,Мифа,미파,米法,Mipha
Npc_HighMountain021_Name,Misa,Mésa,ミササ,米莎莎,Misa,Mysali,Misa,Misa,Миса,미사,米莎莎,Mésa
Npc_HighMountain003_Name,Molli,Mohino,モモ,桃虹,Molli,Molli,Momo,Molli,Молли,모모,桃虹,Mohino
Npc_UMiiVillage007_Name,Monari,Monalie,モナリー,莫娜莉,Monari,Mohna,Monalì,Monari,Монари,모나리,莫娜莉,Monalie
Npc_Strange_Beacon_Name,Moza,Moza,ミモザ,米默扎,Mimosa,Mimra,Mimoza,Moza,Мимоза,미모쟈,米默扎,Moza
Npc_OasisGoddess_Name,Muava,Malva,ムバキュ,姆芭丘,Muava,Maiya,Mubakyu,Muava,Муава,무아바,姆芭丘,Malva
Npc_SouthernVillage005_Name,Mubs,Oriace,ムベ,穆贝,Mubs,Keok,Mube,Mubs,Мува,무베,穆貝,Oriace
Npc_HyruleDepthHatago002_Name,Myti,Maneigor,ムティ,姆悌,Myti,Mety,Mooty,Myti,Мити,무티,姆蒂,Maneigor
Npc_oasis021_Name,Nali,Etrevis,ネリッシュ,内丽秀,Nali,Nareen,Nelish,Nali,Нали,네리슈,內麗秀,Etrevis
Npc_Kakariko015_Name,Nanna,Bah Nahna,バナンナ,巴南娜,Nanna,Nana,Bananna,Nanna,Нанна,바난나,巴南娜,Bah Nahna
Npc_HatenoVillage007_Name,Narah,Êchenn,ナララ,纳拉拉,Narah,Narah,Narara,Narah,Нара,나라,納拉拉,Êchenn
Npc_Attacked_008_Name,Nat,Musca,ナツ,娜茨,Nat,Natts,Nats,Nat,Ната,나츠,娜茨,Musca
Npc_oasis018_Name,Nellie,Lava,ネルー,奈尔,Neru,Nooru,Nerù,Nellie,Нелли,네루,奈爾,Lava
Npc_HatenoVillage006_Name,Nikki,Coria,ナギコ,纳基珂,Nagi,Nay,Nagiko,Nikki,Никки,니키,納基珂,Coria
Npc_TamourHatago002_Name,Nobo,Lasto,ノボタン,诺波坦,Nobo,Nobunel,Nobotan,Nobo,Нобо,노보,諾波坦,Lasto
Npc_HighMountain031_Name,Notts,Elle,ナン,娜楠,Nan,Notali,Nan,Notts,Ноттс,난,娜楠,Elle
Npc_oasis019_Name,Olu,Ormillon,オルイル,奥尔依儿,Ola,Oyle,Olu,Olu,Ойла,올루,奧爾依兒,Ormillon
Npc_oasis047_Name,Padda,Pavro,パドル,帕多卢,Padoru,Shante,Pador,Padda,Падора,패들,帕多盧,Pavro
Npc_RiverSideHatago002_Name,Parcy,Parisse,パリッセ,帕莉塞,Parisse,Parcy,Parissa,Parcy,Парси,파리세,帕莉塞,Parisse
Npc_OasisStudent_A_Name,Pasha,Pisanso,プシャン,普香,Ampu,Sahooru,Pushan,Pasha,Пуша,프샹,普香,Pisanso
Npc_Kakariko002_Name,Paya,Pahya,パーヤ,帕雅,Paya,Pay,Paya,Paya,Пайя,파야,帕雅,Pahya
Npc_oasis017_Name,Pearle,Porupah,パール,帕鲁,Perl,Urye,Pahru,Pearle,Парли,펄,帕魯,Porupah
Npc_SouthernVillage015_Name,Perda,Radima,ペディ,佩蒂,Bedi,Perye,Bedi,Perda,Икура,페디,佩蒂,Radima
Npc_FaronWoods001_Name,Perosa,Surosse,ソエ,索艾,Perosa,Zoeh,Soe,Perosa,Пероса,페로사,索艾,Surosse
HorseAssociationCustum002_Name,Phanna,Fanfa,ファンファ,凡珐,Phanna,Phaina,Fanfa,Phanna,Фанна,패너,凡琺,Fanfa
Npc_oasis026_Name,Ploka,Roseillah,ツィーザ,茨扎,Pinja,Raysa,Tuiza,Ploka,Твиза,플로카,茨扎,Roseillah
Npc_GerudoDesert002_Name,Pokki,Pohrpi,パクト,帕可忒,Pokki,Sorenne,Pakut,Pokki,Покки,팩트,帕可蒂,Pohrpi
Npc_HatenoVillage014_Name,Prima,Onag,ツキミ,茨琪米,Primella,Rya,Tsukimi,Prima,Прима,프리마,茨琪米,Onag
Npc_oasis008_Name,Pritana,Pavah,プレスタ,普莱丝塔,Pritana,Komane,Prestha,Pritana,Притана,프레스타,普雷絲塔,Pavah
Npc_AncientDoctor_Name,Purah,Pru'ha,プルア,普尔亚,Purah,Prunia,Pruna,Purah,Пура,프루아,普爾亞,Pru'ha
Npc_OasisMilk_C_Name,Pyra,Pyroh,ピーロ,匹萝,Pyra,Feena,Pyro,Pyra,Пира,피이로,匹羅,Pyroh
Npc_HatenoVillage024_Name,Ralera,Lorelo,ロレル,萝莱尔,Ralera,Lorelle,Lorel,Ralera,Ралера,로렐,羅雷爾,Lorelo
Npc_Goron018_Name,Ramella,Labira,ラメラ,拉梅拉,Ramella,Zameena,Ramella,Ramella,Рамелла,라멜라,拉梅拉,Labira
Npc_oasis036_Name,Reeza,Aubash,シェバ,谢巴,Reesa,Hayba,Sheyba,Reeza,Лиза,쉐바,謝巴,Aubash
Npc_oasis050_Name,Rhondson,Kornuieh,パウダ,帕伍达,Pauda,Kaenne,Pauda,Rhondson,Герда,론드슨,帕伍達,Kornuieh
Npc_oasis003_Name,Riju,Riju,ルージュ,璐菊,Riju,Riju,Riju,Riju,Риджу,루쥬,露珠,Riju
Npc_oasis014_Name,Rima,Rubica,リムーバ,力姆芭,Rima,Rimu,Limba,Rima,Рима,리무버,力姆芭,Rubica
Npc_SmallOasis011_Name,Ripp,Lavrie,リップス,丽普丝,Ribia,Zahiene,Ripp,Ripp,Риппа,립스,麗普絲,Lavrie
Npc_OasisStudent_B_Name,Risa,Licoh,リッスン,莉森,Risa,Lissen,Lissen,Risa,Риса,리사,莉森,Licoh
Npc_Kakariko010_Name,Rola,Cherrola,セローラ,塞罗拉,Cerola,Lorah,Cerola,Rola,Рола,세로라,塞羅拉,Cherrola
Npc_oasis006_Name,Romah,Brasiera,アローマ,阿洛玛,Aroha,Aromyn,Arohma,Romah,Арома,아로마,阿洛瑪,Brasiera
Npc_oasis027_Name,Rotana,Rhodoni,ロテイン,罗汀,Rotana,Loteen,Lotein,Rotana,Ротана,로틴,羅汀,Rhodoni
Npc_UMiiVillage010_Name,Ruli,Lespe,ハルリ,哈鲁丽,Ruli,Harunie,Harulie,Ruli,Рули,룰리,哈魯麗,Lespe
Npc_HutagoHatago_Woman_01_Name,Sagessa,Sagesa,サゲサ,莎盖莎,Sagesa,Sagesa,Sagisa,Sagessa,Сагесса,사게사,莎蓋莎,Sagesa
Npc_HighMountain005_Name,Saki,Dézelle,サキ,莎琪,Saki,Sareli,Saki,Saki,Саки,사키,莎琪,Dézelle
Npc_oasis015_Name,Saula,Rogorj,サジュ,撒玖,Saiga,Shayne,Saju,Saula,Саула,사쥬,薩珠,Rogorj
Npc_IceVillage011_Name,Selmie,Selmie,スレミー,丝莱米,Selmie,Selmie,Selmy,Selmie,Селми,셀미,絲蕾米,Selmie
Npc_HatenoVillage009_Name,Senna,Seym,セン,森娜,Senna,Tura,Sen,Senna,Сенна,센,森娜,Seym
Npc_oasis039_Name,Shabonne,Sibur,シャボンヌ,夏本努,Shabonne,Shaboen,Shabonne,Shabonne,Шабонна,샤본느,夏本努,Sibur
Npc_SmallOasis003_Name,Shaillu,Meris,シュシュ,旭秀,Piloru,Syane,Shushu,Shaillu,Шушу,슈슈,旭秀,Meris
Npc_HyrulePlain004_Name,Shamae,Shamae,シャーメ,夏媚,Shamae,Shamae,Sharme,Shamae,Шама,샤메,夏媚,Shamae
Npc_OasisSoldier_B_Name,Smaude,Rhodie,セミディ,瑟迷笛,Semidi,Semadi,Semedi,Smaude,Семиди,스마우드,瑟迷笛,Rhodie
Npc_HatenoVillage019_Name,Sophie,Sophora,ソフォラ,索芙拉,Sophora,Sofora,Sofora,Sophie,Софи,소피,索芙拉,Sophora
Npc_Attacked_010_Name,Sorelia,Ozille,オゼーユ,奥塞雨,Sorelia,Sorelia,Oselle,Sorelia,Сорелия,오제이,奧塞雨,Ozille
Npc_oasis044_Name,Spera,Ébis,エスピ,埃丝皮,Spera,Pyene,Espih,Spera,Спира,에스피,艾絲皮,Ébis
Npc_GerudoDesert001_Name,Sudrey,Saum,ソープ,索璞,Sudra,Sudrey,Sohp,Sudrey,Садри,소프,索璞,Saum
Npc_OasisMilk_B_Name,Sumati,Gamagy,スマティ,司麦缇,Sumati,Sumati,Sumati,Sumati,Сумати,스마티,司麥緹,Gamagy
Npc_Road_Firone002_Name,Suzuna,Anassa,ススアナ,斯丝阿娜,Sasunne,Sasie,Suluana,Suzuna,Сузуна,스스아나,斯絲阿娜,Anassa
Npc_oasis038_Name,Tali,Pihmène,パフュー,帕弗宇,Payu,Asyre,Parfu,Tali,Амбра,파퓨,帕弗宇,Pihmène
Npc_HatenoVillage033_Name,Tamana,Chuflor,タマナ,泰麦娜,Tamana,Alaza,Tamana,Tamana,Тамана,타마나,泰麥娜,Chuflor
Npc_OasisHylia_003_Name,Tauma,Tabuma,タバウマ,太巴乌迈,Tabuma,Aume,Tabuma,Tauma,Таума,타바우마,太巴烏瑪,Tabuma
Npc_oasis025_Name,Teake,Cherisah,チーク,琪珂,Tekla,Nayna,Cik,Teake,Тики,치크,琪珂,Cherisah
Npc_DressFairy_03_Name,Tera,Tera,テーラ,忒拉,Tera,Satten,Tehera,Tera,Тера,테라,蒂拉,Tera
HorseAssociationCustum001_Name,Tenne,Tenn,テン,特娜,Tenne,Teren,Ten,Tenne,Тенни,텐,特娜,Tenn
Npc_Road_008_Name,Toma,Thorma,トトマ,托托玛,Toma,Notume,Totoma,Toma,Тома,토토마,托托瑪,Thorma
Npc_Zora025_Name,Tona,Klessol,トオン,托恩,Tona,Toan,Toan,Tona,Тона,토온,托恩,Klessol
Npc_Zora036_Name,Torfeau,Poréa,トルフォー,托尔伏,Torfeau,Orphel,Torf,Torfeau,Торфо,토루포,托爾伏,Poréa
Npc_Road_016_Name,Totsuna,Chicorine,タツノ,塔茨诺,Chicorin,Coryn,Cicorin,Totsuna,Тоцуна,타노,塔茨諾,Chicorine
Npc_Assassin_001_Name,Traveler,Voyageur,たびびと旅人,旅行者,Reisender,Viajero,Viandante,Reiziger,Путешественник,여행자,旅行者,Voyageur
Npc_oasis037_Name,Traysi,Bourgette,ミツバ,三叶,Kletis,Mirene,Trifoglia,Traysi,Трилисса,세나,三葉,Bourgette
Npc_Kakariko014_Name,Trissa,Citra,シトラ,西陀拉,Zitra,Itrea,Sidra,Trissa,Трисса,시트라,西陀拉,Citra
Npc_Zora028_Name,Tula,Taol,ルトア,卢特亚,Tula,Darne,Rutoa,Tula,Тула,루토아,盧特亞,Taol
Npc_HatenoVillage023_Name,Uma,Florène,ウメ,乌梅,Ume,Cirelle,Ume,Uma,Ума,우메,烏梅,Florène
Dm_Npc_Gerdo_Hero_Name,Urbosa,Urbosa,ウルボザ,乌尔波扎,Urbosa,Urbosa,Urbosa,Urbosa,Урбоза,우르보사,烏爾波扎,Urbosa
Npc_SmallOasis008_Name,Vilia,Vivian,ヴィヴィアン,维薇安,Vilia,Vivien,Vivian,Vilia,Вилия,빌리아,維維安,Vivian
Npc_OasisMilk_A_Name,Yaido,Ycla,ヤイドラー,亚伊多拉,Yaido,Yaine,Yaidora,Yaido,Дора,야이드라,亞伊多拉,Ycla
Npc_Road_010_Name,Yammo,Yam,ヤム,娅姆,Yammo,Yamu,Yam,Yammo,Яммо,얀,雅姆,Yam
UnKnownNPC_2_Name,Zelda,Zelda,ゼルダ,塞尔达,Zelda,Zelda,Zelda,Zelda,Зельда,젤다,薩爾達,Zelda
Npc_HyruleWestHatago001_Name,Zumi,Paturi,コズミ,可姿米,Zumi,Emmi,Kozum,Zumi,Зуми,코스미,可姿米,Paturi